revenue,expenses,marketing_spend,operational_costs,profit
43708.61069626262,18884.969662896474,5972.407990982213,20835.683837849145,4658.753345775945
95564.28757689246,45642.57105337686,5692.5971823679965,24307.079121358423,21487.962589114082
75879.45476302646,70470.93769073061,18218.837029899696,9013.101166189972,-24855.938064872524
63879.26357773329,59916.866480717086,5741.377797140616,19496.47478899597,-18995.934513266868
24041.67763981929,65492.08608960873,6167.044796443989,18008.887528024963,-67921.79232535335
24039.506830258237,54408.752503303804,15428.56698594131,25319.250550071592,-74590.0650548742
15227.525095137951,56920.742338838936,9545.05700656026,27370.437693475295,-84380.52528490145
87955.85311974416,68689.67386739895,15757.500582148443,2340.3896013668304,-7590.854964928652
64100.351056888794,23725.100664438945,2241.9569937233196,20872.557733646194,15311.117132283107
73726.5320016441,41706.87227323554,10263.852679794301,3451.4023753524125,19094.672122862503
11852.60448662222,21590.708136470166,1638.65840348237,17368.042622165965,-29227.92302557073
97291.88669457949,79075.10059974852,2190.410865651736,10053.71641322299,3892.8241762194484
84919.83767203796,75804.450476496,18222.311613543807,10589.744786619955,-24425.399508105707
29110.519961044854,7957.010852637943,3645.662051234308,11882.838096665984,8666.239918931466
26364.247048639056,57918.137938676635,11115.992963229124,19396.188573389085,-68651.73202638871
26506.405886809043,74393.62380617493,8810.816449413425,11353.399038725538,-64171.29383828748
37381.80186635839,18543.150884550014,7599.523198918011,22515.57341652785,-16287.530728271107
57228.07884690141,47595.89229144721,18096.833568058177,13326.766796068352,-25553.589995437505
48875.05167779042,73661.62231910313,1414.6445387343006,3913.8896086788413,-37449.030741804236
36210.62261782377,7545.948393934913,13612.004037336194,23945.275589555004,-11399.616137430523
65066.76052501415,57306.520043512995,19304.494250057458,10001.233088595767,-16668.924564762176
22554.447458683768,27301.175552941306,11643.195485774997,14117.472628779353,-27929.255766592105
36293.018368169636,74329.71465323977,18799.626778628746,21192.428730213243,-73136.64123377195
42972.56589643225,77829.36838740259,1992.8997064344517,11308.772400163936,-45547.76186789905
51046.298579533235,75819.98668350754,8957.073062409067,3584.3983721080376,-42833.50868114325
80665.83652537123,40566.066249309784,5942.998028278972,12469.78931635878,20033.036809785906
27970.640394252376,69653.19882419851,14885.598334633865,28444.560315440496,-88913.71272560781
56281.09945722504,68341.20489013028,19644.644719447686,19968.56312435963,-45020.438756517346
63317.311197583826,28932.535493244173,5874.0711864407085,20801.416162681795,1725.3451230855935
14180.537144799795,67168.6605613008,13429.317428007414,19703.900301853915,-81652.85269941678
64679.036671129455,7775.572603661947,4763.855022435062,7571.77989086423,49032.59850471206
25347.171131856237,49720.24088615398,11741.274836860588,13713.348194863844,-40679.59177744174
15854.643368675155,22250.66279657773,9814.717247078388,23026.31435417291,-41285.483992301364
95399.6983528,14042.51643329591,19468.101262999204,4838.441131488456,60612.250322917236
96906.88297671035,10771.490122190688,12562.018181232865,9779.877730511944,75201.75612546905
82755.7613304815,57221.65819086048,7640.621069649557,9736.935037043902,5068.3386482590795
37415.23922560336,30490.62228260496,3167.8199128707342,14096.529972646167,-18014.934180180295
18790.49026057455,59357.507864657106,3873.6897459637566,29450.324746381182,-83291.08226596632
71580.97238609413,9901.725559920676,5281.021669073467,3890.0713071470145,56071.713994259626
49613.724436564116,28646.775337295774,5768.366565465662,16523.62784265666,-10740.796349146898
20983.441136030095,45461.84692815029,17161.70509898162,7022.211096341893,-50523.91725213332
54565.92191001432,64304.237362922264,11663.232977367974,29178.943271472835,-48393.925766553955
13094.966900369654,28906.437719905243,10944.427316112962,5172.498132368997,-31002.51858386798
91838.83618709039,51941.853232775684,3180.608565515132,13300.828066124555,25542.77064359588
33290.19834400152,71448.33111771404,17342.654173639265,22660.77957536897,-77050.1172437165
69627.00559185838,51189.73911367284,14733.47176096119,21727.523984768468,-11629.40020097715
38053.99684804698,22471.96060652253,2285.6988761000302,13836.401833030102,-5301.646371299665
56806.121906002976,6830.058616740352,14448.866847365605,11702.67670267611,20439.54404692825
59203.92514089517,70257.41554256974,11327.226129510274,13133.146599480377,-39377.16035701935
26636.900997297435,6595.205813779035,2552.7815691887868,9399.7353684419,12240.137305200764
97262.61649881027,70602.62545131496,9707.712189044472,7749.322283790395,13704.949516635756
79761.95410250031,44670.2850520409,10209.229455470893,15525.11153164892,11613.454659932144
94554.90474077703,75430.07738846721,4149.716263102239,9518.945169893006,11373.63425376421
90534.4615384884,64908.7426830249,18968.264793005364,10048.926617123003,-9281.676891546778
63810.99809299767,79845.0582900003,17149.532058132576,20389.169777287596,-45236.64147466712
92968.68115208052,31303.38615887826,13711.424409253059,29119.045287596982,26451.018404913513
17964.325184672754,62539.121669834516,9783.615659011537,18901.841615662503,-69582.14377360705
27638.457617723067,35144.81852069317,8823.545290105661,4155.425077819056,-11576.336727039517
14070.456001948427,40990.67152279316,13368.49587586813,4116.341187913875,-52688.16862301561
39279.72976869379,52062.909741377756,11363.205518731203,28639.850183675848,-55408.47635640428
44980.95607205338,70525.7835639754,2183.189011755827,10324.142128605341,-41728.67593569296
34421.412859650634,78806.26018994713,10737.550326636303,4577.875610309312,-56092.87664845539
84586.37582367365,62620.50603983887,16321.66872742395,18773.248440210682,-18379.75108181058
42107.799402423036,36332.50866255003,9725.557674342203,19462.16579212745,-19624.95697990922
35284.10587186427,36601.77517078027,1987.1749735310998,20158.134963323268,-16610.2985157868
58842.64748424236,60318.672619166864,15939.28578829663,9487.256780011157,-23426.55320281229
22683.18024772864,22908.285932622675,4825.911860583514,2423.099158005301,-6055.361585175345
82197.72826786357,13285.558484854599,5913.7958628727365,29020.430344725213,29038.576870907273
16709.557931179374,31596.66182305824,4129.420715213622,9025.00527935087,-32275.78471707018
98819.82429404656,26542.92437405613,7274.086232558453,20928.73606547133,50322.17214844397
79502.02923669916,27223.109034199257,15378.278608084065,21785.636356603867,19011.750257338637
27884.411338075515,22520.581328743247,10868.331330574809,19080.2076782256,-24779.806596355862
10496.990541124216,8156.989222727141,4892.744208863538,10761.40703798215,-15403.697657278066
83391.52856093507,6340.545105006036,17678.771484888777,9590.695105393841,39652.47750008953
73617.16094628554,79079.17923020237,17712.055244079056,18734.71191567569,-47263.047537093764
75610.64512368885,37082.98503018968,17540.99007587413,26250.67774112736,4293.087712196297
79414.33120173511,33824.49853697613,5537.128016249247,28508.544409855076,5141.882383642328
16664.018656068132,55973.546201980236,9573.547539438774,4965.3625233052135,-52901.03850255069
42261.915568984536,21369.041589879813,19714.803466676625,6335.201152736156,-119.91077433206556
20428.215357261673,76247.0887962669,15668.237049889816,28452.61524592623,-106214.33907483272
87679.30832880341,63975.8760811664,1516.1810032856365,22622.98639337419,487.8172248825954
66096.83141448021,11705.825173419464,2238.887233949349,26723.827095233646,30117.869599431033
39780.82223673843,36318.55818386962,9814.696159434323,7673.7137557896085,-13963.649252818874
15720.251525742127,70933.87306716235,18275.183911369644,18452.404391063254,-77599.19456551927
37988.4089544096,75854.90167185577,11235.33416110157,21631.90864368926,-79076.73181662797
39266.49898240723,40055.11334374023,10458.437652651513,21043.132792515233,-26996.542157080352
75664.55605042576,51005.854190803075,3004.000299175981,13428.247344267547,7362.4455291968325
67380.17242196918,17527.54595690564,13478.821989761587,2431.0569673566374,37802.348282128696
89849.1468318694,79337.64696027324,16619.960051404283,18321.929590519365,-22223.854011831263
52499.34326457544,22375.377603758254,8227.980142643684,9086.843097029046,9143.361435594466
20763.482134447153,75704.88306013442,15736.625167581222,14607.11889200093,-84140.16302297272
74192.03085006955,53723.49867442763,19325.05642411542,28812.268422346886,-36958.29992781182
78470.65437552077,50580.25961591443,4871.562723426093,13172.988893988171,12862.080645049042
60514.94778125466,43451.63832623814,10943.262992700085,25514.444986603947,-17903.606194334883
79387.04619591049,22300.235878831903,6455.6212036069355,7279.136960979032,46545.35299570813
54441.603672795165,18239.602400413118,16064.233961642947,20828.89394470081,4599.464991474044
57045.95464437947,21536.46568026315,11974.273951741992,29356.194724290417,-3982.880510867536
48478.69165226947,18982.869660819088,13057.065933455771,4853.00682444223,12326.19633254376
12287.721406968567,63468.8355175065,16160.369032701987,2232.958382361376,-73979.78320890776
19710.2284293974,31259.394437504758,8523.438980586643,14140.318193713201,-37774.02700065246
12828.626711806082,9338.200742254729,18386.711299733823,4593.513525438282,-13556.125754734094
67276.93701374024,77682.69726056085,11127.548477676659,22954.761790934477,-37306.39348690185
38292.0382968694,71283.94137225693,4001.141633871612,27607.36258775965,-65790.95947857907
55771.36220482325,74581.42123964097,14222.083245207246,14152.587235845247,-46954.715779603845
91680.98265334837,79618.08669848264,16071.965658326833,9243.925980352346,-17776.06755878228
32436.300623398743,18042.143691461548,7018.471864283007,14163.292932185073,-923.8236381936604
46934.46307320667,34718.15141769941,17286.40588297631,22256.538899800027,-23999.54900881018
77999.60246887438,61867.88567780685,18216.721840549562,2253.516524250387,5367.565608586324
30591.83489424602,57201.54635403441,6261.185260178369,18504.71170557152,-55767.223811436976
16928.191884591368,16542.19297548913,19686.90798158922,19172.167176846615,-40363.11574442468
36077.63076223912,66187.48437429633,3673.51903292641,19855.270913086195,-52481.41394544196
24509.9158528604,21833.04288774955,4838.29769964731,8776.618239464562,-7705.59528537217
93672.78871083158,21786.321111696732,4500.271945522496,21993.47625458755,44314.381211286636
82730.83416079753,45273.08171700602,17985.804490149538,4558.9616172897395,10548.180884083733
67006.33808593811,49470.495113127734,13431.558494174275,7579.569421070422,931.7527021835385
88431.4531168946,48506.46558783584,3889.9813812231846,26569.161306325495,13071.521654237984
82330.4869209203,11861.512804831615,9366.14494899863,22684.24822034386,33837.210443927586
26791.305299743224,70809.56469727853,12690.662476326239,2384.875512317667,-52316.58338065173
90330.309864098,24920.003194152956,2585.8176147982826,8954.535290354404,59720.94731077537
58540.801772408566,14713.619096210314,17765.910999739437,8003.381523808608,18729.372638889174
82669.61396476562,71656.1059901733,16268.467173389168,9582.577185035232,-14439.547071951889
90648.21699311439,76673.8623672315,10598.928697956126,8931.67356783682,-2785.958784330524
38620.312747467746,69659.57129490879,19375.40568992424,3750.7362807996806,-58473.91586944626
19904.67320749091,65713.70560436585,8937.458606226894,14850.33446471097,-69446.66807199239
30514.16462877475,54143.14854792663,19698.096061693457,22516.537294012625,-76605.53499790386
48439.70097636307,46314.30279568545,13690.479977268915,18988.48829208822,-26171.291861164835
83621.32893302439,11524.00699335576,13058.754191824888,20840.406720746236,30390.694914888198
87465.7524930709,35633.990980302406,4153.143010619915,4272.176999014697,50923.54064527888
10625.691747807163,32951.63877592355,17756.627407788237,28641.739884950042,-70374.91479068692
55967.25723198092,24481.533782024464,9122.304070491688,25477.771347604696,-4172.686877795815
47566.99028339011,59256.50852664387,4082.434709867108,24542.528917878557,-43453.15140142196
29989.702942365722,42190.68013090781,1239.5428795394218,25043.54654116949,-39924.26097886138
20787.883060031454,11078.466193073595,11635.357989129268,28115.89422771732,-22949.178624148546
40385.36542632652,21513.74014623585,11020.59282033085,17239.111051183536,-21827.121874099113
94861.87335212673,56244.4072744697,14667.718825014013,7607.896500293525,22726.677682790432
39088.26388186797,10709.814461772514,17914.903007338242,19269.941019871152,-7116.277201605395
56691.15595690295,68840.51855365766,2508.725108217561,22800.681822702292,-43493.87776696064
73271.706300566,42135.98952604808,14898.433316466884,22661.68701391271,-11800.965521107857
42726.66421413646,41043.9932994986,4560.826937854063,16600.572676672644,-11096.763563847837
97460.38744488647,49430.58384946382,17305.364009986115,3916.8441413401856,22080.061044382688
96620.25654479001,66851.0724443862,16562.206763371465,12391.162276043578,-4950.937491991026
32660.406624282776,31085.69059266448,11275.081344725344,27781.465036974005,-31795.257638257404
54752.36553031469,55851.211441929765,14494.61317384292,18364.56947320793,-32265.264177236353
37079.047883509265,47429.89729968433,6972.65215049122,17073.294411159975,-39086.42386050825
35635.64449397208,25027.120262706598,9952.190079723478,9527.89840270142,-7788.439374136317
13319.825261907952,70897.24897663685,16611.101056498963,12316.569757664209,-91633.85794709346
64860.790058190716,64806.951620519605,9726.038746291064,27069.69049628874,-31237.783812795664
55241.11209059753,54383.88759938191,7798.167041183394,20660.9653307514,-22295.053056353507
14633.087612499043,68793.62968206815,10390.036497755698,24046.836749065318,-85937.38432228038
35078.18178129503,70047.06507198518,16736.735796307148,14721.671845894343,-64618.98562665656
91743.92973699883,58127.223253627606,7368.952900046582,19646.922144772423,15406.772062889093
31560.570160027517,67775.99962727539,4301.470269579132,8954.74104480981,-49473.20914469569
23040.538488210077,57310.35962519627,14528.266386284835,21752.903247937615,-76460.36139831264
54050.74842498067,56010.55788202253,16693.586041453556,13972.837343693445,-30378.863278027322
98708.54086995406,51395.85336613882,2912.112091947133,14391.274414812877,40439.53624474079
31784.974436035038,61453.747966823095,5557.608142362949,20181.025088152688,-60481.204227232956
70492.19926652906,16895.382896980525,3697.467805458884,28215.857401129946,19876.17732948978
78545.76537958458,71065.30693991964,7610.886820061166,3792.1777050413857,-1840.3758949303442
31387.37895931597,70388.2645808924,9556.66859920284,25092.810645716214,-73919.88911152417
75539.47137506737,7193.546227591936,15227.700402302822,10186.727091541408,38019.97975174463
43100.48194473279,66936.2562923572,13371.804112751808,14429.744726178578,-46028.03390540244
66907.52475342216,14665.24006050839,12797.642782090192,2613.5732057002506,48431.272315209615
67017.67396848052,30133.914069435643,7695.123985583434,10429.290179360765,19740.00302922021
58219.721566728265,60763.119221870584,16987.50350861044,16073.674793643653,-40124.91740607641
18126.079304896746,17056.992203623115,9954.456180565126,3572.930165728292,-20203.101870287162
85177.22460303141,66347.52680892966,19602.993822287935,15750.680422728625,-15234.096544808905
38870.20584745622,67410.06334683063,13048.700627619,27959.097608035965,-64028.26901844809
26786.66593598688,43060.08003206272,3399.030089725552,4951.0101070185465,-22247.61556034303
13669.762739928752,5478.940378762519,13847.373679433245,23404.340386114123,-29072.910908975402
63180.36488694177,26527.85998811846,7176.97629320228,13470.789494527793,13058.3808521467
70980.79256580542,51269.518878180665,14040.216737035851,20344.864006681466,-20134.625219683014
11492.904603507053,78588.96335205676,2323.181815085709,9286.62474358642,-74532.10867559744
56088.37524693529,52386.014526250125,4322.747306343228,6465.783351158032,-2517.3118298881654
30384.619767814416,24485.268579811986,17259.00791920994,6492.95319959434,-25581.258864255513
68065.5511368505,52550.42773247085,5316.411583446783,3973.77447800805,14174.13223382823
25692.97861044923,45498.90347868916,16903.78137961586,7198.1077372348045,-41037.45788062058
72184.39642922193,63488.40463633577,6306.245680633798,20598.142779691112,-11210.423441709781
44806.181167048366,13023.54791202188,13214.756291115445,26687.337131618224,-14830.09891013276
94305.6989863061,62077.0926876521,14188.860896686789,24795.51919655253,-13584.89457166251
22376.884973139393,45594.99340070827,10740.440309756006,21183.760676485555,-55887.15596264692
40695.97159452327,77224.4002894246,6800.902857237895,5092.092175510875,-45907.50159317412
20212.616911653015,30640.412452901455,5040.243151050827,10097.248496286596,-16583.483073951043
93222.42564507065,52446.64198504611,1630.5977366860982,10674.592509029131,32000.987983384966
88960.5418042883,74902.10791325131,6774.981623573753,8998.794499133393,-2928.7486157303283
33214.74649436401,12688.229599300943,13410.093020094377,16420.158471872248,-14435.58063523302
69398.56414307612,75292.13654273383,18827.79155052117,16995.506816630834,-35566.86790321397
83549.99801810943,56591.429172561,17552.885162997987,11992.807304791086,-7410.65075099422
59968.07304395161,10087.779432887892,15555.230754170749,11906.096444620209,30561.309186134375
57668.552052040584,27572.267521011217,15980.499521812675,25199.556741370277,-12505.694980186132
31766.706181040652,58112.90664839612,13634.71316604391,24100.199752951197,-56128.20302326133
18379.24910253093,10051.295110157876,5945.450293754057,10618.283287060878,-4841.123138145493
90749.41821579941,48662.7845132205,18236.705583410767,27586.07642845126,-4421.125756495407
91037.62514469973,30941.229271471755,13743.913926210847,28678.82047607017,15076.679611816333
66979.13115459411,51568.663832560786,11648.37198862836,11148.791176841143,-9091.235230166574
40512.68119438306,8430.652535938463,3108.7999150561404,11923.898566205537,19190.91363905911
41428.86171513948,70365.26046142822,9494.055332322083,16157.756295814846,-54202.42789333708
75336.01109832154,78011.67268830477,9746.8071528366,28351.38275094286,-43742.90853410621
90739.92339573194,77665.83914642686,17426.70858093073,26536.944127984723,-31717.72551119854
89837.77818386056,61223.88738071935,11386.31618356798,4871.902952340514,12748.556815828462
80188.79912718615,14756.468009797398,8227.610430437784,12996.460811599654,33564.589403277256
67782.84815388589,61869.7396946767,19559.206241702526,17494.393312993612,-28849.65052154345
17572.596849554393,6844.018734410113,3103.691273199998,16087.709231443121,-13361.428513082876
24546.58426851524,6659.266364674794,9028.420137926947,7428.165902232995,-4335.930152348222
90869.87696743713,29270.766436215592,1798.4688282567004,26046.86959270833,25317.05037470295
64578.61536936309,41648.23928034993,15058.178294571677,20954.341923911445,-22051.606618809412
10827.734645496668,62780.55633558449,18443.45449178386,25461.4344958505,-102634.94819328362
19132.43885794289,56247.15324548789,6320.709261459299,26045.39982178522,-73025.92825894197
69715.15921972503,38442.70297825612,17308.491859183297,22953.963902640713,776.2961672777365
10455.542546159682,25521.99997112494,6552.146378776058,14297.896834992085,-38545.89901820942
24472.724627574877,79784.33751182833,18304.633071234388,19095.309140431887,-91822.80456457956
59386.04104299275,36963.59766769797,15325.276168338894,6490.231371352808,2609.342768134721
72270.5677923424,38854.02682472566,16293.228759987334,20862.071689297416,-3083.433550588774
68676.51335523406,17271.786589375188,1342.1245564086355,7019.091160699861,42656.293745120405
30184.23785145038,64610.7161562447,19293.396784406494,21430.58853428439,-81126.93244148143
74096.12992127822,57026.16693361165,14806.748849336142,8428.748501111122,1089.1033786153666
31352.417874712006,21557.720959157028,6790.270812336533,5291.436404206159,6748.972917201711
39285.9728343341,11178.578421188202,16758.498632318093,6627.965724002808,-3692.3634137884346
77184.22646062217,56037.44765560348,6348.902769883669,2055.7797861339677,7621.953294569159
68466.96091424933,54088.341071085146,17582.322951756432,22124.70929989885,-26727.464120376128
86430.106944476,25494.4645248657,3139.0274178268032,22507.229373634615,30466.696653597926
69185.1603070309,76314.76716878077,14370.033571755119,16418.133797571267,-35387.94646379693
61147.77430019245,16329.341883567518,11273.271056253296,6518.158429550744,23385.641918787824
18430.729104528324,37425.11007819514,2834.1549337133756,4339.521450299313,-15342.777018646495
43094.42227534902,75771.19401256992,5595.982736917941,2535.6110602440363,-34855.622562664896
33868.21309135529,36479.54876945917,1235.676689268981,6640.94895502618,-9425.091169237967
31959.06790411752,52889.446074806416,9906.59134382561,26943.95497952811,-52645.993177443954
97570.9499277201,34819.57984720957,6724.039954440007,8763.03156764709,52793.80068020997
45378.79522000844,25566.140176150253,12368.792201657418,11919.597162082038,-7295.471760172484
90284.1899659402,78798.32359698712,6647.518346463727,4949.673565477329,-4192.4117656978
66802.47633975366,35700.05047362823,6698.463118632709,8226.116532948767,16568.561529392187
81533.01731874836,72057.44027593508,15120.670775900464,16538.287981845744,-17875.201092443207
55237.33837946729,22246.595441831465,1914.7138835887154,19017.07512667827,12754.255920635927
61921.34961637232,20982.85280188125,18155.00490864776,8869.86479665391,6028.644698234411
54326.59244369775,7335.056216338352,17193.01361343245,3616.500458303282,22167.899935869456
27571.868901824004,53875.01190319138,13688.288981301725,12948.920335567162,-53310.216636208155
75020.69037353547,32639.475779282086,12271.209832040302,8557.694385937357,21173.982354646574
35269.51261967702,69826.86873797278,17953.747464653392,8147.509850434454,-50795.90254943456
12188.436978830845,40490.74300186679,4521.273411045575,28876.158475976747,-68629.67762205325
68092.50663164511,77614.50709360413,2500.4140816257436,19256.413605920272,-28750.88194032566
25939.961146634407,18914.413677734086,5550.693228281224,17592.596408818685,-8672.17662655814
94641.27259176229,70146.7375966708,16096.987295303616,13641.702898653013,6113.0935282488335
95853.57193023287,63244.76395938063,1658.735067803183,14010.44133604404,14917.644451085203
92337.79511984036,62819.1383483039,12073.329866586302,17145.34010746626,2757.1340610848915
43314.28302299,68358.74210876657,19913.312807634888,21500.034597011003,-63609.00470442922
11391.095487598068,62076.79932072492,17258.22578291325,21660.090693091224,-88626.61165136487
93548.67063289529,51966.52412235615,10907.4680918282,6807.429415752588,23373.022996761814
48536.57334855829,14843.365826179068,2209.177276446205,16003.157058145556,17660.75013528769
96998.93371393027,7439.463461843894,16796.096773328485,13534.826660954855,46567.316391704604
96725.79793803276,74063.58858617651,12380.591655367,26374.75505554276,-12682.789908740355
86770.8509920624,51248.77358905535,3183.72694413177,19679.72979411454,13289.510183070579
36500.40028626271,64740.296823213226,2783.288411643768,16910.113859647492,-49045.6732921331
44658.79557417327,41114.17636344126,18282.909569295254,5231.049981009686,-9735.029360975137
86602.30043651712,13798.114172179587,13714.80499582349,18957.86090105552,36756.85027350576
38522.98046406499,14388.934415191283,16756.449187018356,5281.709359046536,80.50755748366305
25254.347201748322,56417.39654217285,17700.59910536308,11441.784115841057,-50347.666050604996
60112.11362125151,37272.9421174597,11863.674688918121,5999.575014801292,815.6152758231146
94253.92967447029,20039.354502525253,10831.480683345784,21378.06211668233,39254.45595723423
72642.68170074758,41869.59100560776,9178.120796098814,7775.059187412273,13084.783594474477
61305.50530804285,9815.670280635057,7021.985168031267,12972.062449264728,35699.45982075955
18745.88443936917,48647.85514357991,9257.323256315523,27078.893773325803,-65199.175197085504
65350.650402925276,25174.505332632325,15703.713458872971,7720.8587351711685,10288.446140487496
99104.8465093837,64816.93254778911,12436.5451892875,16218.541790845815,2971.984165825328
22607.561371287164,28277.146919268034,17957.942509142074,13739.606512648616,-40403.906735832614
56649.668712736304,39141.51118113509,9424.220273204566,2507.4731492804326,5190.358883000989
88963.57647351599,5871.540493107548,12534.701995656327,24197.227180038757,48489.32509786251
76669.1755978784,10433.516584591915,12994.843508747786,3933.2853768087925,51398.558907169776
72731.41668957411,34437.01673050136,12242.246083820184,15279.140587354701,1892.9545176558513
73223.56755883983,40995.412603784265,14350.04168862481,17698.9922582906,5498.825945944435
42354.203609777964,50001.54110894778,5511.23589912132,19595.940785208437,-31491.66995351645
36423.265983804406,26874.693403197743,10734.911773370022,21281.685620620516,-15545.364575414344
82842.50399306623,57123.64145949069,2980.2712533586055,9091.626738636023,15867.956178034274
82910.20552112626,69509.17978919034,8305.715225251439,2279.4057464365824,8322.519548926713
88036.50867220933,63488.824167001236,10265.674303804024,22256.422545937534,-5641.685787282833
92191.64973008241,7971.411901126786,13392.260931363977,16998.384781732202,60560.72089687318
56020.815897484405,41038.02104433717,19060.08999913787,25411.295689802966,-26877.337655704705
55136.466521847964,12869.763381363115,12412.370264418762,24998.87416121944,4365.882482632132
81846.56610700977,23153.37618968956,15128.284407354637,25613.13269806073,29313.946414139253
68496.75376999886,78999.69449503599,10619.055130408853,15582.650479427124,-32259.460723473647
73177.0189531933,15687.165717613492,13047.976596150294,11341.595083432238,35969.00366101935
81621.3402492491,42416.6115088517,2347.712106541695,24163.62967255836,6311.864878605664
90100.48076358097,51361.68007385893,5833.440035995092,14636.235164819138,11827.587401590125
40419.56411663823,57684.8727908078,7875.208770897635,7136.381499296166,-30813.32153365411
43802.46573759496,46973.65126151856,9977.373745123758,25939.27254772128,-38360.22582792743
18458.37458567821,5732.813556438774,1867.326164545291,26711.676549625725,-18924.05450997316
62045.21268965566,29484.598118299393,3660.457853513036,15056.673171924764,14548.397043978766
13234.804641706787,43828.37325385336,6259.47184803481,4119.592364674048,-33029.49818463745
51903.82163192141,11589.987435862502,19459.12112711996,12859.130517674075,11472.594924016366
58838.01712368189,31297.019840688557,7295.593134957964,24499.054464952893,-9958.692865681214
35788.712691545596,7490.233159352492,10158.780104129568,27249.672799294403,-9667.517506945589
63174.99345121097,10893.387286626556,4725.856542029465,7697.236789932684,35833.68042835947
12745.02249451445,34769.2457151197,12604.821350439597,3875.2611367076024,-40442.80528979526
13361.336987429298,14953.681553229526,6332.981094803512,26565.81268771948,-36559.216676471435
84034.05045936925,47565.56361961686,4932.858990330109,12903.338291408509,16244.061644993737
42417.15772701366,56709.87268529493,10814.879940473602,17169.30699949177,-48552.57875811362
21435.44613866963,65044.00243318122,1104.6101840479955,29105.84273742125,-74457.28262357178
57001.893404932394,20011.26831836076,1145.6166203352811,3863.81238159824,29178.157900401562
79299.41977887497,17561.19366943023,5162.307372935297,20152.904208658674,21775.771077839432
29423.892474715885,12842.588025080018,1697.7058875156017,4074.951832096278,21073.5068525323
66060.14282371002,52732.26871577275,3052.489328483136,12513.129997062011,3206.1030534754836
17681.27184943912,57985.67948651758,7438.35233743628,24506.807265416508,-74131.07086455623
14651.354905174692,7368.960861923153,16249.127912016444,14137.222517157763,-23009.861137219676
57821.91684113332,75215.91846827674,11868.924224016715,29921.10590928261,-65042.303497030545
58657.160944909585,8897.84627386043,10740.686793171912,17653.65997850486,29843.58228842671
67368.69113483859,45597.225147580284,6576.287640954311,10992.540273806697,13689.081546362857
75348.22003503953,58179.53895881873,18703.32066922351,8163.117125333088,-8914.288077103178
97826.68715162811,70322.68428095643,8543.285783506642,11814.574960012531,12263.795348079235
56467.03134710758,58556.51990993208,2654.762569119658,12430.931665267422,-16298.748902541964
39066.08256471214,65129.606230234385,12724.263806238225,3923.9829762709073,-49395.39764241103
81566.75752918333,30458.764440710456,3162.9294760554267,12348.07758394965,33537.86918364952
34374.90261358668,66111.88353098842,7559.239713232149,14998.678552698299,-53635.2593494724
49507.42786350725,11008.613478850635,10640.826835638369,22236.65706268653,3348.591892614489
17061.074320803935,72111.24920453958,17610.22796901834,20388.425572205022,-94142.0948121342
12281.566907391176,46069.42821153022,10377.385026462254,21845.43834641632,-66467.68246456319
96638.35732101326,66297.33274718703,14342.916554601621,2234.183092551999,13359.532437345304
85238.21084609852,38923.87133887251,19863.519940982336,8094.6871882550095,18617.424830476084
72637.67854843283,53268.32713973937,3498.2932780616507,20527.16007519598,-9959.127276547177
46805.76499728429,44480.19957020849,6219.898984870871,15551.70230903292,-23031.116612467667
25596.488806376117,59869.21413164989,8496.945436355281,2148.7773187136863,-51341.369408842584
24079.333840397747,11122.248652294218,9014.735392237795,24525.849988091024,-15694.42244379429
32521.86083481358,9526.406299292285,8809.40043004537,23638.668052129447,-19980.848655855145
59430.39982355084,23532.742550760984,18244.609048574544,17355.73656381975,6065.263376980191
74313.63304300561,16965.851008489124,14566.620244870272,3860.9731217356193,45851.93565422481
69417.7639045958,70383.76749441514,12550.199067723372,23462.42138691237,-38489.52697936818
35194.05072513486,21441.049051853322,6878.08163939286,18343.980456478188,-24484.745861726
95937.87525968747,78189.89418643485,16652.0173002046,23894.879360422856,-24605.468397211283
76410.72250261916,30267.184382833013,19146.14971821479,23048.915787083533,3627.5518080437223
59891.86472602606,18658.843676652446,16602.767368454304,24484.05801481944,-4906.795433544694
65054.8671610917,64227.38803568594,1029.7369986379852,16504.225859329497,-19282.57570160293
47764.00561850109,54403.08316256571,13091.626033484734,5929.086509418419,-18008.814092651013
32295.78905510417,42364.67873398543,1971.5722473999137,20792.409254631282,-29508.235369403745
42037.54107861355,46652.26632032234,5894.537186340715,19373.265981455177,-34505.34898139519
78206.14994179322,58940.13337041979,2130.969306607662,22783.089241574442,-13636.037824785832
11295.413976678028,22134.105599847404,12472.113606038367,6756.668169420588,-31702.559986677184
20446.537645622462,79725.04370425564,14045.20835635953,7459.305597208098,-81850.303908953
14140.237781957749,78109.48716100873,3175.265123252197,26931.466482141197,-91594.9850476278
13665.592208707312,53774.426476020264,8292.938777854612,22999.378356657984,-74077.73496466383
86991.45256099066,19965.683819685884,9668.493670155298,27430.39768360904,32484.37526434974
73329.20734420212,56017.11818234685,8012.007413457415,23244.02899258978,-4268.177043890781
52675.64461785927,10414.880673438187,3299.4750092186678,18720.34856772845,24318.445479695274
18805.074458590134,7298.937665435455,8960.008013562034,20315.716636780464,-18010.030393841684
54245.428760514915,24326.216638341026,15272.382908359945,26895.58187032028,-13164.505011772808
52612.45937025091,39696.72175544872,2349.1456261318535,18206.589126334336,-9423.362808563359
25588.168291901366,70120.43790562854,2523.4202675561655,19706.957081194847,-60859.442400217464
49046.648431417576,59537.6802324731,7740.6545448837005,6381.348048100816,-27749.601623796556
45865.42609576361,60702.98908999858,18892.788520759575,15269.794163250875,-48774.032133245506
65426.508824699486,36912.00008360566,13702.880287735366,22059.11913482677,-6991.501172062883
67158.42857808794,30945.124441022217,13894.729176778732,9586.395552858232,10223.258443371105
14077.360879484007,32827.907223845206,7876.479825919434,7663.117054686978,-41152.470964388114
43715.13531638241,79073.71728020434,12279.555032962231,10787.150630283635,-56810.415108979454
66327.39241428128,8008.189355936186,1192.492496527124,8762.017583799337,48059.67311874171
55282.26327220789,70027.36220918364,13085.824881781302,8017.553837019083,-33347.275308593285
87084.085706949,48400.65564292951,18352.4520039485,13895.823600306434,3767.1529275687244
69282.42684570505,37896.15643921928,12638.895898551564,27419.478388738953,-2567.99738673951
24664.09843732867,59394.32453113524,17600.273275860556,16197.670108684111,-72912.03838441047
16351.187266038687,41500.17060685271,14755.488053855783,7261.770662829045,-38606.040637409395
67817.73503856841,70506.74285612453,3290.609911670115,4155.2067426644735,-18873.00702103202
12386.017948745963,72552.6398008444,18146.612838430992,21492.372063861905,-97631.75643160689
62719.8023146117,36629.06951550915,2262.433042759723,12718.36540421886,13487.08776475708
94620.72172824618,25762.08479262887,11145.381978407511,25011.26650439006,28724.203113115327
61792.676008829105,49426.27464450217,3700.6053520756955,20466.301521941565,-9678.535820385263
44935.29335858697,73427.25092125182,1222.4256038871772,24294.76061515832,-47611.55043290955
67895.93965981179,20799.664175424994,9018.650942425142,9614.489103716565,17379.041241474766
51242.7601442365,51722.49376726121,6605.773445428968,21386.04982890963,-25957.83285990923
59105.511038434146,52367.01650693904,10234.009382154458,9393.735571424126,-25355.60452373387
94731.83278988727,59983.47668114607,11966.797847956464,28293.917424608164,-10340.683181439472
44749.23740206968,14867.576384544485,1831.0423738699997,19818.479882934484,16377.970585225437
96507.15074415228,58686.87235115664,3337.062607351167,11086.330404909579,20487.975213774625
91481.55777604574,73177.43904992308,11614.205532558082,9546.332144183634,-8725.81877266392
27621.20213103668,18476.233165268146,7520.179710280507,7345.944382006018,-6710.843771441399
16242.517078764891,22815.749369290825,14854.296263439512,21449.946849024378,-32537.943712172055
19070.0201239684,77854.63205312297,13393.541323246855,8124.0371639419645,-89460.60165237353
11639.964308639475,18573.27145321173,17066.48289680823,18668.491445969692,-47924.8310455469
18499.866468033557,69078.88200271843,14157.363706715281,9409.780753910007,-66659.00157941203
71470.60960747211,41920.83923360261,9168.690470412814,20535.13045422832,9134.461166917032
16406.97836142061,23542.33058023828,13786.365825494215,24818.3123991351,-46257.18656489841
38707.80672643852,70306.24259543835,6232.242310852952,23784.706808050287,-67810.64850053629
86038.77798725091,38397.89412519991,6819.956476786041,23303.837266061888,27996.307628248862
12094.474216224327,43611.30154472676,15990.718038495073,7256.227359383058,-46791.56076763459
83302.16343300421,31942.502704982428,9481.97081163006,4474.778515566524,40797.64633963636
35366.929729605996,49471.313857619556,16169.226469848698,21570.567197646797,-55906.18954019615
20634.83448594906,17264.290443876707,16626.02509969729,12313.721986241837,-25814.349748056957
72706.34488277356,34331.11524888205,17293.684415564392,14105.694339293725,6174.050473809233
66604.85621018955,77705.92417514656,18416.06948098294,2872.1745982149496,-30735.055521077007
88972.48121743476,24360.007452584567,9188.719189752628,9268.140579701378,53410.621186052864
76156.39394234972,54255.249840596916,7058.469548101638,2942.9393084849926,16296.820450853189
82313.28373463637,29389.254816852117,12061.776185288163,26617.201632834935,8858.170714737356
35383.111531417584,63010.48442649505,8052.276045314924,8815.107130118853,-37612.27382041355
25969.558940175055,14815.524553876237,12420.409169204426,17605.440748044224,-17306.154830884057
77555.32764767724,77736.57838089086,14406.131390232667,3091.420978511652,-14243.474122663354
82615.12653405376,39034.215603772944,14079.6953513506,20671.726956558425,16162.19291876481
99145.4627800606,22703.784750984796,8116.504853382306,11044.765681114628,51722.506247011115
47135.59092202839,10512.25604975095,4170.343832276303,27141.737234814642,5132.12591165418
43481.62772135049,17731.842881565557,9180.057430781944,26867.309290153004,-12954.854637946093
79877.16646677972,43983.04614170132,3709.288737556266,11108.137314128937,13237.397146565914
40672.31862277161,30275.238232346474,17911.843668492358,27226.9050793331,-33008.118469375724
93768.15930432083,67166.25244119571,7571.671754019291,29892.414857965807,1695.6030090621334
87257.14766587106,37316.56427463544,3934.735197243152,25111.638595470547,11693.820875993157
48609.46246375165,23653.570444072244,1483.5074382092666,25656.39773714641,-2345.4162109236195
77578.39610123476,51285.87399530225,13270.6253394432,8972.244611054517,7252.366830808654
77908.85866762142,58008.291266408436,13101.144031640122,18147.66716801718,-10732.852790163413
19281.148195233935,17528.14309257124,7471.479165044541,3883.1655910863,-10167.27991604685
91229.761601161,17571.441221623827,2362.525888105369,4657.702231006751,60142.01044319592
55472.713520307145,7750.357020015723,8782.94900300941,29968.99313693214,10134.348075050697
84381.17194969674,60230.15112992304,6913.132406204478,11145.898983925506,2308.169544564086
38804.46409275506,54785.339571635384,13865.292154965178,22949.1495373677,-63744.92569610597
90597.09056465804,40597.31568123604,12509.805739601117,24586.62148475086,18876.308761638677
45028.15108607468,68312.78367268978,7927.280835753259,26024.651588202418,-52444.635911360565
10975.388633226852,65425.26147125399,5139.958530844812,29933.592327260383,-89265.11881187694
91484.37787773373,48901.57732975641,19772.683356956244,8761.9015871923,15193.589044857288
18215.80091075202,70120.3460384944,9626.030802726182,3129.8231520715917,-59288.80901896235
38738.22738313734,20438.09075275762,14077.210479824504,13513.362503848408,-8168.73806940278
95505.57703457244,13393.97145482959,3670.506383988855,5642.258755210514,77318.92821435006
95554.64322438005,25231.220863774222,10226.204293528559,2627.9248965375436,55981.88216617047
61609.409931095746,9281.514206698614,1523.197677519844,12091.95115996161,45272.66557978541
66865.34909528194,44837.7146000774,10603.64724029855,23944.67103010662,-10916.755145537209
50360.09697804878,75245.42692212212,19316.330735236344,17853.059354301986,-61084.460315582306
36388.96945282581,7950.765550138223,8299.927546730203,10757.783697889914,3030.1872145073094
39579.809083292435,14158.24355075201,1740.92423892332,20321.57615379615,4793.844411329499
70526.66104693346,38914.92712125764,1588.160027467527,8496.5090486467,17367.290262089333
77713.7076493912,75040.62631459287,8371.74843899052,2402.6804900183806,-11292.761226853037
81242.11393532637,28711.707873256288,4040.473792800687,23401.894820219964,21011.159307468828
81065.63285150984,43042.61065162943,1443.6898302355323,19464.806376192253,11783.3513339565
18208.54927438213,8117.964428779407,15368.05866505336,23344.47348602688,-17998.090290392705
54497.82742323233,16125.740072156665,9711.937168755923,3090.264467254637,32226.581025007115
15180.288401497986,78997.25922191351,6495.650667480436,25439.34957925826,-86150.13355643292
59457.5994091362,77383.90223270342,18101.580477313135,19346.733601016495,-61489.09199967466
49737.745123603934,5370.498570080721,3206.6402438099867,17775.069819953926,23741.805239313766
89893.37644824699,76385.88390674292,19162.457750151065,19489.193347206885,-31611.696681874364
41582.351129687086,52933.99533616253,6965.367630169703,26204.130912314195,-47999.61713494467
20536.031478484525,70093.87208900166,17879.66977386494,18434.2221836494,-90462.36748511434
22869.251384755225,39105.489172539434,12455.914653109769,18266.610636869023,-40760.843045555186
78535.9568545725,43669.70214344377,16707.439835088262,29739.016397841442,-13561.349912309768
65639.6256984635,41663.49351926902,19696.250100998823,23188.444677919902,-13566.665931254163
19101.040851051122,55014.81931595782,6479.703318556169,14384.226552631788,-53757.103888152065
17569.612550349768,15473.844106723467,19261.574222744268,21807.116000921975,-27454.728019516
73087.2218313208,7248.019240450847,8400.156003145987,12898.453207370078,37143.37226465527
16548.670572777417,28094.74561933932,8324.726190001524,8408.512949537972,-21983.147987167406
83967.40533613205,57851.0572052485,7467.354980835608,18711.852552857265,5669.34494919432
73561.80044408466,20139.008909221127,11286.744539604118,27989.09874719064,9280.054057933601
17321.390257770978,55507.4324993688,3928.755820391255,28015.906560432955,-65095.03794005624
17635.394267667274,77743.40345804529,11520.518221802213,11573.34778695373,-81521.1503840028
98797.56206510578,12042.55368420638,11292.391435790076,16774.96905420746,57550.26659113483
43684.37161805083,55445.15886688447,15476.13443949253,7925.805159956114,-39282.40428314229
43357.79323602018,38281.266447842834,16839.349276814126,29877.671065968738,-45236.04081185145
83151.96105317523,70110.6690783129,9368.385655936057,29471.3014203022,-15549.334622446302
95252.37196454729,18286.234208553942,6744.331737678382,20186.250031808526,50038.97008129385
98740.09574405837,56946.94641696234,5927.363049024795,24523.593670969254,15252.84261475928
77804.03667330474,67858.64672360827,4697.852897392567,22022.8045159436,-20729.76437197746
43863.36269778242,75846.06646055174,2095.3040617814727,18608.43013310511,-56585.7026887641
17515.06450288019,56243.60212172344,7506.511597859553,3493.7439156891355,-44318.86908614222
79943.22243346932,42288.10730063205,6134.706150484882,14733.40159147451,10039.126333120212
60256.382476222454,51338.54301509104,19361.93033146174,20894.016460687493,-33414.176170544175
48179.98083222786,70167.87383590387,11596.467698750834,20970.88518874317,-54385.108835808845
91571.89465852623,47795.73099791223,7598.2637415796435,12447.43331582674,24287.32961240788
20007.77340755362,7279.029477262764,12028.884418880223,28367.375626424855,-28562.982540095003
54336.25938617732,74821.15216302333,3644.7373255682146,6685.996902629868,-28836.52809956448
11021.828029067716,56714.50632736708,9436.831234841855,16010.064494035698,-67675.29524808786
52179.45777947136,55738.50393329349,12898.452107000212,21344.75134342304,-34129.06187694873
15067.294811365362,21175.636429828788,10289.058804056576,21519.802564970658,-42846.22203082979
20693.612464126472,54416.41026744929,8633.79721243216,20161.890789526835,-63939.2612949258
20577.36220993944,34539.83042406189,19883.119389094267,9708.069976652085,-37579.84327048411
68428.92719044571,53842.47327811191,17725.980480829614,6373.7839232254155,-5040.074553851864
77144.0391338881,12994.477273099305,12844.713205029362,19806.329151147904,24634.222247206206
62503.18885874437,54338.3978452277,11818.169862463372,18780.459251904256,-20676.438599089954
96595.52936270877,79956.02943279999,12792.549116667096,7021.9682880987475,-13066.143721731116
43738.35215713336,8615.902914541703,4824.930048626232,21743.896075975772,8788.297628291504
35714.08776536747,78288.06381659879,8507.617122022053,14744.81576854238,-56337.57385806587
88173.92153705143,35518.09705421529,1749.731124927087,20697.296564888282,25469.333206675838
30123.62546675074,70306.50877529444,10035.374712249706,25446.27823356422,-79836.15148181554
96690.02854965502,63678.91130437051,11317.4670951956,6752.396000153849,18761.40305779936
11093.90272208347,47526.21957400008,5327.244985960982,2536.0563039114268,-52009.625717837254
97289.09440368752,60383.69069384949,19316.54809614476,23814.87241908203,-9389.791954813956
13884.39207555185,70888.6670976011,18279.6376078076,19071.527904273247,-91373.23484622133
90202.8802328264,35310.524123827476,14720.721473662212,21589.90794941941,15410.297447470288
57493.09981776699,29527.4871172429,11134.34594654189,25468.339299681993,-9816.922481754651
99366.83165073703,55069.503917268856,17529.414033306013,24478.706175086016,6010.136076651321
16641.6908261859,65588.44564559439,3482.394532645795,28905.764114007092,-79227.18304837857
59846.88559611887,62171.385108246184,16019.686091222815,17006.18220785931,-34016.27582973243
97237.2282057189,64836.02366439759,3371.595465370118,15677.87771447735,11656.11996512365
57078.80597531339,37668.748610969975,16090.002588438703,13252.841596940441,-8082.48124469095
66645.87743217363,66337.56621312661,6239.5837967757825,6303.349199637727,-12853.28517786528
72617.38200861555,14015.679152795634,17664.72103934559,18033.002520696627,25193.007345406615
50908.69582909959,45836.68234706372,18936.79978268256,9756.350681127406,-26105.797107363986
66480.22720756571,5431.899537359118,3827.123418697197,27796.610341963315,28511.749037648373
62588.28807307902,29343.93724252027,9790.836496242477,18329.34251975873,174.3828517974698
91104.22094418902,32484.61511535484,19638.760185091018,18599.525054227084,20206.282539484895
14090.174230731209,34712.95187069415,10184.741283489786,11937.89050455628,-46800.41374615323
35286.68706330073,57160.04050173966,17407.40292777636,3455.70185537581,-48306.690472401075
95537.03356689028,34141.85759527593,12185.898920495078,2888.8254304436814,47613.757359952535
90123.74055018247,38652.0216966898,8131.268250472435,13853.38403628953,30550.765446019006
51009.10775071417,22815.80981557456,6429.887554991534,4367.83058672266,21309.948468168277
65811.93380213832,32993.88437220051,4861.238730635658,18991.714755123896,6809.468096302755
34964.30646830194,22045.22204473636,15474.165636176247,26667.24415791041,-27182.0611363373
26930.904375138518,10489.694282633272,8344.269629637529,26721.61486252422,-15870.68653828819
51732.856444598394,50258.64450360334,10714.233781814271,20453.27148370251,-27469.424285363755
41801.70052234475,55115.95989162622,10354.184120022457,7914.491281242068,-35711.2031845567
62529.050066578486,51461.77595072109,11968.301555429494,26163.911278048417,-26318.12130626457
16996.117326848635,39762.05328504293,17445.96576686649,26810.61618876983,-65201.8164335573
97695.53268995498,33483.933513442236,19634.047528085157,7506.300378682844,37107.14360428446
98758.96700316426,69750.02371788688,8744.099962902521,22647.930401578964,-12815.475371059532
72834.55426177706,43931.13388521635,16722.85952001976,10022.547369959442,2960.4616064489
58248.67297097084,40938.64082222982,15526.028098439636,24473.92874588203,-11627.269498594434
37857.485465769496,6923.154935482677,11897.050077655891,29922.661197300877,-12685.577088454864
83241.55177362538,30593.587071961727,19164.89572862673,2840.7281492229986,27001.955334537328
71625.80552984914,33514.67140893928,4809.015795039653,27126.244242146095,8042.616882281104
24635.524541040217,34911.70856726753,3076.019995882807,19433.654940762426,-31223.967910539686
91983.44660444582,48512.92769204992,17225.27737215302,29254.713336614994,2954.2040307099633
84028.3518630852,45020.19100451589,9343.846516041218,15020.266490739972,8354.707072243691
95481.99219627316,50592.88195950835,17092.40822993415,25726.862055998463,5726.741213707162
75314.7557549524,62366.24461565962,17968.713898712882,3747.0339207517627,-5815.126373914541
65207.36763422109,65973.93040370701,2186.6942787623575,11387.81340219228,-15051.80313514329
47641.8732661557,58859.230716987084,17785.830496735154,3876.463057033879,-31186.21441499197
93945.5635018612,76664.2771966201,9518.062052019022,29309.607737413975,-16399.096076200116
87945.75005503675,6367.443700727123,10698.217291080413,24875.26940361143,50366.396559760055
14069.680309557047,19683.348926265957,12905.257710770995,25871.327794887173,-50105.35068273572
12373.02770475268,5567.215623360659,18601.26952787165,28263.026480149038,-35957.69299285124
43881.70301902446,53560.60356159523,1363.2057941655166,4382.89761135399,-15748.446973252865
82949.79977036496,72352.29117124902,10060.025898038524,12796.732590373334,-11894.879399218338
98854.851638345,23261.172243222445,14066.718806180654,3988.9768932320594,57903.968650718314
23537.520199317536,74527.590859723,14731.43219626634,7902.2068434008015,-74374.92464406391
63471.76438169216,9520.054271717065,14158.116199205051,8422.241757054826,37329.88963925055
44280.17709679194,75082.70201041357,3554.267458754315,15135.001909332203,-49910.384080954216
97292.2958033143,31371.70154297258,6688.516179061943,9519.740688701993,44114.606750661944
85790.70308221377,12606.562133691239,7815.594982923256,4827.38699089731,58573.50969485332
85449.58342400241,41440.381938974424,16284.306945910595,6689.7504946350155,21928.617628534754
52182.38438154732,24258.242579038095,6296.437575876507,6123.7157794585455,21650.062368659426
47333.75521038986,26365.46764714421,5003.39431347686,29246.15034154435,-10265.78366703139
34606.63647376356,28046.747369471494,19191.512361723828,23260.190193717262,-40144.48984488424
15073.79469858344,65226.94233744976,1168.402417155909,29097.321027547736,-67992.92150017551
87825.01386295479,45437.09575064409,19958.596257957586,14312.73362222144,9440.46478702157
83161.09082170698,28348.077436700274,13859.604678290516,9794.317486554384,37536.04491015688
99974.59059575175,50775.03374831888,16740.916689533224,24352.20952185723,7347.858468156278
99697.31533665149,58711.30056673952,6597.76853057767,11135.10970515211,25919.932757709437
59988.85350423647,25446.800055015032,1271.9902756741396,10382.734463749752,27084.671232389563
79208.86736624595,36016.18261440136,15019.520852669071,8510.167781819273,25753.969676127526
95028.91568941851,14141.457000271066,16848.747343012838,5631.01139027859,63694.54148274715
86468.26516096703,18586.201215101024,15069.046507116864,9180.965708469448,47993.03673064458
32261.32915688779,56083.83904737371,3714.1554587159335,11948.952957268855,-41061.05196244125
50548.972177908414,18607.87607717202,15315.130522882413,20871.83782808045,-7104.602460006775
21624.347363634548,44387.253775029516,15609.53286004518,3751.8155821446444,-40461.2173019638
95864.59245328502,58178.46962918245,13512.269797731044,7894.194310629603,20945.299077447267
64555.717100579204,13015.769232105788,15556.202723116137,24652.661928166937,10217.479713307313
30577.852495311647,47548.416472167766,17072.50735387691,6113.813860345582,-34831.025362506676
70453.06159652711,24242.20877760228,12658.47817051171,11594.064102630604,29221.39427321342
65631.54164121063,77219.51564281849,2683.489565423902,26210.449812027924,-45063.51797442678
42234.644622955646,41265.92350399435,10264.928383677006,6337.908712016394,-19818.719495713507
20220.183297966614,65449.44123313686,2475.3373587604965,4316.6313973093165,-52723.101985766734
70441.58760335197,46266.99066171963,8743.317589616185,15567.063862240304,1402.2788307218357
56827.6930813414,8255.939964111438,8735.023293386925,10467.746315799019,26746.148439208762
79508.65525620754,52486.35316955168,2254.18703866459,17775.434205547914,13753.694236779076
56814.715100079404,76355.25066549928,7627.590145420107,24506.536933537303,-49554.32833678503
86696.3350286686,50120.88651097484,3108.963877034982,5840.157668276808,27823.562213585672
59671.6154897037,66439.16445700926,16356.46899017522,18259.574367519977,-48563.1399443434
60484.41743818476,71315.48475113059,19006.072493324944,16154.24529091619,-52570.46417932449
88898.82423925106,22105.982896169935,2374.0130299008333,6034.206008369588,59789.66855621973
46313.45795911573,20903.362993117,19147.188938542327,19471.95759481151,-23872.029698129285
22061.370560557665,50823.57416382438,10928.955387398159,9661.931700101606,-44289.903642546116
12590.440868200507,35827.13523550285,6691.747881123604,15659.36091923235,-46378.57238951989
77962.35301062571,67989.59771500403,2460.379430247107,4303.625079757732,19424.21563359051
65827.85962181182,72501.73425485083,10511.861093337939,14868.353601981446,-20514.508075277845
73367.17912893012,31506.60344770386,16095.795345324224,10580.977105198968,14276.557884465481
29166.774535801967,22765.291923086155,14434.643068067266,25026.673913189923,-33591.519381197955
22273.43280280928,63539.413643289634,1954.2942178155015,3595.404355926312,-41837.77184421202
11309.019910109373,25610.452666110206,2385.1348719901666,13721.003697713239,-21891.70827611405
41552.88029259373,66696.07388852588,8654.592370020106,14836.079875680263,-56824.0111288126
63092.591816916974,36780.369023657215,6610.519386910923,22300.170136375324,-11530.344056799917
45301.96405897591,55066.242446860284,5415.302138064909,18080.052102525908,-36369.8066562471
49372.74298213561,12165.148537600115,6339.085479265558,20681.94544143707,13100.251439702191
91374.28250443736,51789.44935074297,16266.172122640808,23757.379998249173,2045.6489853423927
41342.99203209703,38882.575905292186,18655.333019005226,26141.683262429284,-36987.742879710415
56259.054024382975,48995.63473816056,8696.951196023761,10788.513908229173,-18220.533459857063
80528.77114670287,17601.065580864757,18216.109040517444,17064.635750189285,16066.241460286998
45688.85040891432,60265.53087081366,7108.418323709757,25523.026196297596,-42918.05400539597
65987.80302050861,69709.78081574214,10052.30274053204,29704.631667021582,-47619.89356761332
87612.73378720706,21255.485006808172,5294.5509585039945,26906.540709225366,24063.71779072634
95456.85612918778,12178.591664012129,13169.044801341035,12401.08335348255,58433.455040148976
23236.613283613413,6772.89395347523,19600.64118832137,7464.662482122211,-6635.705899212008
93392.88626453449,53147.86253324495,12466.368824824194,15702.991047384485,11465.378198474473
54290.46637715844,50532.05270665856,7798.467598157428,22765.960651409183,-29095.256509979175
33241.994946906256,46002.30595355525,13308.53147382004,15791.933981092332,-42657.58762229091
51322.21806144352,22396.032208698158,3335.492890842364,15529.064172782719,8208.714977116364
98202.93177569294,34317.9496929136,17884.522525042576,25470.451790290415,13789.772207745507
54335.62845935826,49585.72513896298,10558.595064816891,12119.305813881218,-21501.400943254986
39587.644925875735,42257.514414437705,9537.645098753199,26074.250894726076,-35675.36595697217
67006.07688850531,79083.91401611654,12131.430980616864,13390.534426648259,-35991.409827993855
31613.105690037377,15232.981441754984,12870.893392998647,11190.526958993503,-6840.9970738756565
16827.699529779755,57135.84155356953,2363.7403183037477,14711.717513591571,-62359.34226495199
21599.17497195843,35323.90760782191,13969.727203244645,23348.514842896315,-51950.49049268277
21524.125506199518,37114.97111942111,5596.701925995062,5528.0567801918405,-37600.92955162277
23671.242416106492,58819.832424363216,14565.100017625206,7499.738044416486,-56321.04475087147
22494.44553844691,56932.71134932772,16628.161093299736,28640.455118566573,-72562.59348367927
67678.72703228932,79344.19952766412,16275.211643497885,6913.7655666780065,-42225.11036576123
26369.207595923035,14629.571709059392,11497.518380749892,17896.36490206953,-20583.885762544556
41110.05549914769,12808.223703812475,10883.227953904272,18220.80506653426,843.332668447332
90710.95689154106,59325.41128465559,3714.6432654488226,15709.484937406854,18225.630576167216
52656.54762365851,48379.01877548068,15731.576857659576,20052.86696015092,-33748.038051133415
70080.19646689245,25562.04999198544,6156.778228487573,8435.148322333316,26464.968277756638
25508.788408146684,10956.452674173996,10437.213033540984,17474.54349774895,-23204.03650939766
27306.01169278037,11424.36871973229,6401.2077656228175,12420.85114691312,-2423.225292947329
13678.175463983098,72064.31559980888,3542.73889699417,20526.683269617293,-72245.18210171851
25204.15567649481,19390.049353905717,12961.596240942996,5954.259214448185,-11714.956822978707
35073.130512876276,29252.867158664056,2032.3086616351727,17984.567671505334,-14308.007874846853
25930.943584907214,21999.230167024103,15224.2594483978,7187.569950733064,-16869.704427412824
17983.228038135006,31624.722937395298,7034.149109961217,9802.005767221019,-30533.10979618554
20857.228399054075,10206.788205957004,1002.5591670852211,8123.87440906033,-2541.06524434913
51470.08912294532,43929.484318120274,10711.453645507367,7119.457836326879,-6173.907098620674
28570.034656521326,10070.942269416119,1890.1862620244594,25119.906643698676,-7382.192903059157
42784.28749432679,65026.73808667712,6247.22159859709,9999.811894504928,-38401.41782578406
55307.55437693712,22528.40614328248,14432.553261658608,27959.465892204582,-14489.701056599792
72135.53457664288,45500.8935953383,2191.1028108154514,29157.942709665345,1803.1351204975836
13538.092585698905,71005.93156710936,16947.431354764045,17995.293158238725,-89087.04976774768
81946.93590181383,53815.80267853956,1072.5785305130792,6004.031434640339,18289.919071284345
66511.0350541817,44971.83399135015,5689.653514836143,12487.350814628275,8371.321001776822
17358.31287539847,29325.03148365317,15077.177066889357,24336.50337374999,-53868.253240820086
88622.07616960995,29975.143479364844,7009.132844856829,12286.940403517972,35440.84197931511
92878.51604786319,55211.52163986426,2935.955373254257,4436.482112478085,26496.041334865153
15497.016386937737,79560.45209158756,7844.444457208129,17589.977505989264,-98353.20043328767
34918.98833324834,54637.939238703395,6137.472441305985,25663.383841888975,-49162.09528655899
82558.11518137551,46833.75630275187,17011.52614105054,24285.938840018065,-14728.830494136713
77343.37213452926,59798.788267943455,6953.61043411772,6903.447923649891,-2454.6936475106213
26606.89174207396,39890.42092127886,15989.716963744137,20837.40920354907,-60488.595391890776
28841.439100303927,9510.675695058892,17945.57075140396,8174.119376198119,-7219.275186311507
43342.48925122438,47172.26119084324,9242.530971954062,8109.810967460822,-21933.7161803931
53607.06866719192,76821.89633790351,18288.919733233448,26474.009652545185,-69611.23812242204
65642.92943772663,18147.720676824472,8169.043025300664,8990.730676726445,25122.54658552217
43202.22756127952,56750.36681154993,19317.489913312056,9370.925702504313,-48097.72363326998
51628.12445198331,20070.026649429237,2696.5009659858856,2018.2949413163876,29165.151212984674
77272.38443203809,45187.07633548109,14053.366063561612,26378.732955514493,-11099.550581061545
13301.488260153812,12250.73372350397,10382.466768681645,24192.654769855773,-31942.575394206855
32719.324990961868,38777.820219363886,8365.327303657294,19565.210182538984,-38415.27614521941
74201.46272960972,61712.24966714346,13021.525696223418,23007.441390287582,-22634.44031018933
90568.61539184794,31067.864317923657,14373.284741052292,6257.35988788577,45386.49663156654
56050.96979040995,54868.37933654135,1082.9021233558726,14833.060648452112,-11802.543315975467
57890.21367387841,64658.74705922969,4172.108686196776,11834.142845765864,-24836.85400839632
19645.481020579842,74538.33646095895,14547.874962052056,4625.742735196462,-72780.47828584797
50267.11301411092,22598.156139159015,13661.322857985922,15611.653586017874,-2807.345441702959
57935.553980952085,34948.69368569811,19354.902597444867,27780.71020959379,-24109.351588311045
31822.34532712567,16431.200999781307,15459.718014764878,3121.6553334194455,-4818.28428158248
34231.89078544429,79436.26266187814,19064.68144689542,10160.90557782623,-75251.63493058246
43955.57467941604,74525.07259432215,14348.269529161333,7811.146213759697,-51668.44689245627
11806.407799995373,45496.78477104197,6662.99196414942,8668.106302639497,-53988.26873574527
38987.124902486044,68152.4970782316,3001.933522766273,27436.167452622507,-64682.86728608422
29030.320629689017,44071.848295403164,15854.653403553777,15105.933518560123,-52944.827356984104
39474.76169601232,51768.92660020698,13238.835208042403,15056.383562314926,-48590.739197070536
20778.59186373261,11684.332408701246,1915.5342354726283,23296.117988747905,-22203.806230291564
90147.45526659055,61645.28153726059,7840.958852118589,6325.781712137922,15132.745699094095
63423.32081986438,14578.511272642612,19179.19649420144,15643.429914801422,9558.24556075949
71119.20872300406,66955.07226893964,10507.621768493824,14039.585995389672,-17814.99898866359
81025.41147466045,63652.10657527894,9221.853584374388,18713.499335306373,-10388.47927653645
54859.79790361515,58155.85233072323,9696.292498026585,29987.61569101228,-52822.48368333722
17822.825927868133,7712.0285393571585,4968.771756098111,23544.569034297318,-15127.665480776004
58339.5887636693,27734.626695899646,8005.436246431109,13140.23968448796,13513.279364809136
62815.70062187912,24733.442743313215,8026.451863756356,25171.485463673314,-84.99282303803102
77089.5526765897,32010.230560363932,1994.7453835619756,6779.834172749445,38405.700274389295
48849.35916067115,11573.20600728789,15583.784941840448,2852.9832166508836,14556.893807845936
21482.227251600736,75271.8367273297,8913.5842061737,7724.554428999645,-69939.39622716063
35539.83152188521,46535.16805342822,16621.417849512043,11531.52357119927,-45470.769987029154
42677.40667587716,27914.323299351767,17156.612021278015,16296.261208867676,-27655.322116293184
68132.55171984411,34773.61378057126,5027.887039274503,19223.615935153593,7193.349016779914
61370.04742020207,38540.190537862676,13489.716161232443,27496.96008200381,-18775.46409227104
42048.70533080616,50044.575002046295,9973.354279096653,16275.912267412816,-36233.534685822626
98786.37239136818,43675.95707723733,17722.978020508217,16035.718049520423,15431.56645298941
64519.733742119846,73954.3979910813,5099.072904352628,3406.8042750434997,-19940.036739013274
31350.411256239502,42272.261217937266,13878.45080589084,2977.5234743742667,-26431.350479059198
19160.422535836336,79411.85111174844,12547.29032280173,17432.478933658418,-90455.66298298494
23757.32252658988,68856.87183088218,6610.728073864823,14269.001170953647,-65066.77339611471
32136.195554605732,20638.288576800187,3595.4171693722797,25497.05105944836,-20945.137253286262
24461.323593360008,74794.64109829372,13381.155449068256,6499.028371931665,-64354.91175235284
26791.032164617518,13727.479841410706,15033.351704514283,2699.206539277389,-10549.872603358765
35658.56518244624,66308.72813683937,6996.91953150365,14573.085502043525,-49782.36650250672
25603.623576527934,33546.74701074351,13251.819476423962,8649.39958906321,-23934.887034902935
90708.88821637827,70848.07403338021,8507.487244618562,3389.2024534874486,10368.664948636526
17221.037109547797,70104.25175805877,14550.930782369736,22288.75203173361,-90735.51859793847
57206.02506132292,65444.40500882159,4785.090222987009,5124.60399880293,-20789.5594026035
46935.714429069536,64252.2827230296,17914.085050087313,19032.946000217606,-49083.1610890337
98414.07552177458,27850.93543235306,6460.7823328460145,9869.393004672896,47118.09012559424
20083.50119512471,11068.946228843914,7987.933767366905,6857.889409940617,-10681.889512924943
45807.00391411675,35223.51340738711,2103.747089526646,12633.042641740889,-6141.0880519964985
97252.3389947832,18014.33862398815,3118.7320341042514,24440.4817342427,57867.05539000809
87895.64133045822,57121.33166768463,10801.376151534234,12978.620153328035,8893.151538115806
83536.48638543519,30957.479490333913,6084.260857831458,23021.55017790956,18632.967066809026
33211.25443404459,78170.76506449362,16874.124289101695,5513.616310376219,-68898.78975685146
25379.882865105923,53072.9058008999,1279.174384444123,23637.599750622216,-55681.41279134178
70177.88979319879,66686.04227257706,8202.786924766788,8634.133097386162,-16894.0174626989
93643.83902148272,14939.350455638632,7409.565388612761,20967.007636888437,55222.3633331268
60108.66037125368,69651.0861704467,1367.2249874344197,17841.8835355479,-35610.24996849286
61445.14205229098,74206.78928850457,3362.9995810096943,28016.052081927246,-36096.79462047867
35198.11842942558,41529.64391142019,8859.21082345407,12845.030503308793,-23894.618357834363
79254.36398727432,50468.97033132331,10364.427104501487,3852.6252873643325,20022.649617103685
26833.937370177104,62360.73506772466,8681.505197842513,2536.3535954350814,-49059.354050951435
39131.13127638193,18112.89704453094,11087.815889829782,25152.039707237087,-15971.324960611426
48289.27947547751,42692.45573475818,12307.50182320795,16692.5978545201,-30569.03500963228
55684.93408160095,34899.727082923484,1188.552601428877,23706.83345137858,-6733.491089464007
31816.87591735722,15978.049412168682,9817.808029616574,8563.916800322411,-74.62408653469129
20335.314226528317,32565.081671864857,19306.48557686418,11662.344874370545,-36718.28258766428
64955.803819746936,10112.923203912018,10861.613322461426,2842.9084219169304,35602.574787444304
35976.74979162302,6935.893021211524,13873.30308172011,28921.78508807514,-15581.761084310081
62311.439928035106,15137.471686611707,6925.413300420781,20700.301387622774,18791.75745221723
23892.64437467821,77233.63336918804,15705.836184902488,28129.742457260574,-104155.51364763532
53302.60916693357,46214.71519212627,15685.508155646186,9433.899408014026,-15074.76738006091
57933.048929642726,77436.6620864915,10904.62490542864,19120.981114318503,-53149.170835308956
14664.118314018422,37437.3408747599,19544.262642305057,20997.99911219386,-64292.43607112552
40294.385037452856,28386.20998139447,3385.454080490414,10891.391607212476,-4628.417491203892
22097.32092450768,42960.63971301831,1322.005632902039,25747.058580437642,-51879.07553044868
15703.747342549097,37963.376647468256,15633.006023384823,28520.520961206937,-66448.3812169137
99096.42091509508,12924.851319630794,16335.955209932768,26775.943295488123,41981.623197203284
39011.84604772506,53061.973601765465,3283.9373532909485,22693.87532630243,-41887.22964502711
82888.70012691713,21202.86368821997,6046.0738262135155,9769.011032298713,42228.44347178322
32917.65892873875,51469.09661733722,1333.4949039659493,9885.249178957689,-28172.558417607335
71335.24500015363,53765.0819298615,6572.863604830729,28974.088972489062,-9708.703164566232
78420.50739007178,16401.863984648608,15689.695604454759,2287.9658861993767,44740.418078964685
63607.48665470599,9601.222033300113,10841.250026539,22049.399250780047,26096.206418642476
52441.85696951425,63557.11895513299,7613.816270197473,21774.892551547342,-47455.08043313087
47065.68227325417,39485.031782699014,8063.046603220276,19435.30714659433,-19128.8960627906
41398.143988869575,9362.284662910684,1025.718888593895,29723.047690432242,-4199.748847922582
93657.62298230432,79614.97378773254,6696.2100237394825,10732.624201384306,-10770.80966821151
84755.74670089562,9333.542074727498,13282.71609112068,11519.212186210949,46923.419311541315
96852.42195998614,57127.64216439149,19509.694432510783,4210.303282503555,21964.278752648177
21186.750113699025,78775.91939475603,17094.15571269409,14398.347823224649,-84331.59367362752
75778.07276832798,22938.507816194422,1448.3043282650533,9309.358734575748,43296.92549956476
94450.6411138934,15668.702651539714,18072.651488821946,11614.827660974039,41430.95651310805
26310.975954909416,14103.870456682167,15880.769852673893,25368.010127157573,-30023.077738543903
15984.664063009976,27745.636067569667,15827.146347848628,28193.56637876988,-54273.18468666952
76700.85843610532,12578.435825798502,9701.919421067858,7200.526016145198,48097.65832098676
61702.58018619207,56912.100627059895,8562.100566135554,12430.250083497045,-25420.839007904153
85764.58990824448,9671.884859754702,6755.39884783066,28001.655739231035,36884.061221328724
22579.513896366054,43206.65961123423,2248.20232013295,3730.6368992982334,-26926.373755042947
81574.05806739011,79752.26403897326,5336.471906380283,4586.094787118598,-5419.318117496074
28146.458804297006,66047.77021295141,5685.469064582468,6558.147697774422,-61125.56727651102
24729.034857913408,51141.457867325815,10197.46432449383,18665.95935555249,-56086.46656685803
24783.921813789362,27969.021558995875,15201.443725337185,6213.223588167929,-23884.523209316867
83311.72482082438,51792.187721872884,10002.386739560985,29106.138680620537,-3340.9283786489577
69867.749862658,44528.10979337387,2099.0445394960516,14508.006763238569,12196.876687736698
57075.88822922074,36956.25379177786,19198.006218775874,16042.502889804658,-12208.018077093626
42294.74357111522,14803.27825551496,18911.762062788133,8906.441242551382,-4326.440523248926
88948.04867317974,71495.316143035,15918.60131981976,15186.887068172538,-23192.766543464095
45320.05966803718,38733.848661599186,19835.230129720192,20533.581713836324,-35747.86462242552
83493.94955244193,19596.68838655738,11345.164323204996,23032.959834713198,34527.296134009164
49522.14177131966,32581.95131579672,19292.598654810914,23108.306315877566,-18493.441877543384
43924.99864824168,36059.73143966953,2436.4957717182647,18180.95115543447,-9199.43420709166
51641.180710264576,67065.34216751557,7947.934216966055,27322.073699828,-48547.46526003638
37124.00867477279,60021.078542105155,5282.244092128551,24887.419724571064,-51168.53544210215
77284.8442158626,62697.86702310049,4720.82859855113,23197.34721156151,-16111.792351154432
55244.835108323125,5827.344832148541,3675.2560289608455,3556.9546070528977,41534.978172392744
30899.142563213558,36211.54986348211,12825.859189753937,2192.5829421501808,-11985.501803041017
90961.71159471116,41100.811372649274,15845.115259198796,7948.523761473243,21354.47117243047
44550.20992358903,6439.420761729251,11987.669588986852,20578.660629576665,13618.352896845521
58919.75750025897,24485.990655877566,3792.2914821759837,13513.529688711284,15517.804901033842
91582.48998680922,62021.73673416013,16411.351628735945,13267.375260380728,6509.18690900781
66181.41963225929,15283.22792967493,13083.139436110841,26768.432870429184,4012.544348556643
20520.823663752766,45148.25985894437,8375.148416412914,27075.759747691485,-57148.82335347276
94584.89112521276,21140.14040129281,13808.475615185196,27456.9073935004,28495.51703549624
66493.72477642761,5909.0580982919955,5938.194605613824,10788.586142420765,36781.54997048009
40141.50531913775,23090.10931996561,7558.65196139,21349.562756699328,-10764.148506862457
22534.486539704852,78190.53161825404,18432.231019507813,9605.72907568235,-78646.6462307595
81462.26703432664,65115.28339122422,6519.585607756987,7337.075326084594,-1734.384483706648
65806.54803356621,76968.2483240775,9929.777095000796,7169.708805726338,-35756.26599353043
58011.49827786894,41589.053294477184,17912.68161052428,11579.013384180633,-13528.473832987935
90450.33247458619,13230.214900812764,14446.705655083022,14038.813353835008,48297.42192096949
80973.74901020777,46096.96167302697,2181.8612971293524,25266.576789541916,10169.947388282028
23650.73917594761,39078.300091997065,3798.7578413004367,5356.950617235939,-19835.296517763392
38054.98610159934,68326.7812054712,1148.9902246664196,22577.923727057037,-54295.78496195779
32364.022583301918,12356.193558818344,12987.514014354105,16880.737597300547,-582.906013199763
76955.16633154092,41618.08527663336,9505.795082797948,10062.469594927788,16889.990099858285
13017.919126220144,16253.649852048819,3551.2221671432353,15798.948366919089,-24318.033789925496
61290.071638418485,29350.6945167545,19200.748300078638,10398.377953756633,-5717.5859276854235
78621.28171666215,60301.78080408497,11063.534754966779,18690.294746672567,-12747.626190643
88908.90730855745,40701.359702657486,5595.972588144894,14147.629839946838,26782.010450752547
40787.35738443167,33191.621385932696,10511.467851939444,6603.354814208605,-4717.562686241721
83913.15742048116,34585.72089275265,13912.786321967049,5264.326087559508,32462.742238536226
19956.85632596865,39458.507630449,2448.545141497725,17307.479098019645,-45154.52115216081
86180.70625610664,63876.240787779265,6219.3724859099475,27267.564932010897,-10321.20001753828
21473.979609878417,71906.35167051759,16332.34432679588,11630.815223615195,-75037.87575240497
45755.85615043306,76650.10148779461,9733.632537650563,22524.00300223345,-55511.724080306405
81756.58292015982,64017.75396914713,11384.965698613603,20442.517938313475,-9651.134848844089
23492.56846138964,28655.517181100953,9223.504041979915,28083.53760066547,-38665.75709079931
30632.625570937733,56610.102956490664,1834.0989102170972,24987.468484375942,-52498.614807070146
75002.73115537596,37820.23430415439,4149.245816582963,17864.94724935296,17109.8638124029
74803.2882891467,24100.29665345384,9465.291136095928,20396.853950555003,27088.371052572722
67703.28695967676,68065.3684569442,4974.523842750628,27154.821064352975,-39155.31339176929
72455.360002039,7881.976172174374,1949.601544533896,13186.525968434175,47690.059680811784
58845.19990128365,72632.14941015677,17029.343616984654,11150.251764017767,-45829.38863365674
32661.915301625748,39610.80984685506,19642.6580541182,2302.7103417854973,-26998.497347502387
41112.63941535275,52790.110760621035,16069.71460593805,25143.430077360998,-46739.505150313395
26343.794512128312,54451.544165433705,17221.913512388674,24427.459611294216,-72741.99421059365
91760.55052002655,72133.83055299023,5597.565476023862,4924.726506804239,-2847.093853138973
62505.26152895084,52750.22616254055,19251.912534750794,18152.006671715608,-29709.987565178464
46076.62750872759,51045.01885700463,4741.588384615139,14991.487548672847,-20134.09862147799
51580.52232797194,9998.903042051748,19077.166396874814,5323.854674255121,19868.74772953966
95255.50056506338,43880.6016458903,19901.56658535307,29455.91035770026,4158.35321517263
23801.626280447217,16262.675061278123,14522.733309174926,8011.4848489739525,-16395.233448352184
62760.68488151175,60307.53265411142,19641.730904044616,3882.557042535712,-27466.28940027893
55529.98109960194,43416.64406095059,11821.25581177497,18655.726626053467,-15787.173791054753
65030.88118911831,56017.0834406265,5931.293880345716,22688.266959724915,-23777.172141751947
11629.916543875646,8125.46754517882,9302.921827646796,2908.416489321235,2213.5943486310753
88491.15180497363,11359.401203435242,12277.657772196933,20444.093884356622,47262.53498675742
93890.64542352511,58724.25410470117,2388.5496785132846,16904.172526640723,12970.427600900182
60861.986523028805,10406.325199900502,12824.522027727677,4891.420248501356,29682.792809956132
72698.5741489203,10344.254582394395,19642.378898483596,6830.668554498137,35416.55108047623
93024.94430595661,5908.1356426165585,4612.045345890825,17903.280324850253,63403.97338249022
73651.47708820587,76737.60487246102,16059.307209479282,10298.013178372075,-23859.279294456734
23728.513862283522,60313.12695942552,18250.077081812768,28272.84040223685,-82175.44973247139
61865.952415013184,31493.85563765481,18930.330263584194,24924.72642555342,-17141.11860632188
64604.35417445703,27240.16859657414,19242.5764837035,29539.881782382567,-1966.069262424262
48171.76041721474,31227.742230938715,10907.733135707967,9270.783490611591,-2987.9567824424203
76279.98120622506,63099.01483858864,19568.85025183857,29152.261718343358,-31695.947222701026
94093.03132921134,54602.79583028108,15388.893935554339,14074.54835416362,6985.660671988505
93301.16616160987,18889.667590060097,4071.757288502276,11730.52626878513,60424.79315298498
50575.54342637189,18058.200150056327,10061.10202289143,3409.786755141891,20602.004453998223
20191.424125667974,12379.673728504798,14648.292332068075,3477.4272200688733,-19762.215615454537
98635.70790661011,54522.70397760036,5699.466000562584,21376.31516650633,27113.598314244042
85500.82778013407,62327.94966663019,13171.688487428859,14822.011844152781,1632.4000865349763
21219.641308294016,24878.482124375303,13665.409101885765,8342.60552901096,-27652.83202770795
92875.7694355635,6570.872077318461,4091.2951323627517,19191.168577106513,57511.08494649651
88290.67258559154,11162.87506073205,11736.620936602369,9080.027311003112,58048.95734627177
56695.42514134649,77589.50261337729,15660.911308593546,18173.68912164383,-54295.1894051962
63214.78921704363,27158.35831080652,10479.017626182896,12057.84491551533,15297.91310735503
45910.24334831172,62691.73608786002,1229.9592187460412,25059.462345130934,-42113.02732245483
14928.54749398282,51849.76766406978,1171.7309125065512,24979.49250146982,-60541.23863753371
40167.75174813108,33645.47297396719,7783.557535430232,15365.811147427237,-9390.561411734547
82256.81037382103,20426.54466466663,18597.68730020386,11822.935061380436,34250.15937321334
10416.882070414258,14103.981361955482,5344.858812468567,12151.674303654647,-26431.909902214145
40014.92545220298,51125.972602915,13052.910088562056,24560.0067187101,-41911.14969442192
45835.182423184895,63097.5335478341,5219.441543173091,11189.025518333136,-25467.745368713997
58365.60426441306,53292.8190155848,7111.729803531424,7853.662463791688,5867.67665406557
92787.00547714844,44772.65999368687,17112.799702428194,4371.273572508591,20912.802042326795
41171.13949293651,8146.34175737272,14848.36740312899,15067.407384763435,4323.43301342274
41225.7881706605,77636.65831957878,2812.5862689510022,15499.698769755572,-65133.6487035698
76375.11232987736,64903.56437409309,9145.338398742238,25545.4438912814,-20453.488552343322
50699.61468008265,26961.652752572354,1554.2255092600249,8194.683500489791,11248.051426926613
30214.434064598376,78497.7747019138,10136.91278545717,12667.755662715197,-61470.78011136303
50719.55645194241,50141.119222724155,13586.246222320293,24635.360689023346,-41516.2445322183
22677.131834181986,48681.699365543485,3251.5498483648794,25061.461100971257,-62763.49367053395
25874.828785560097,61105.48845721491,6488.8138392741475,12769.110127405509,-56844.90234184706
54853.099546553174,65882.73410676033,8558.895884540982,14855.472652027065,-44321.441952860885
47703.29045540931,54235.8955498627,18471.089468464947,10492.004943779923,-31740.202234161705
92336.131096129,14607.180977465001,19871.845293036316,28111.536595740738,19420.152998605343
42615.45092049698,30370.06294958738,1853.3146809167013,5322.025440764249,5212.335755144444
62252.95152502391,74606.27302445372,15459.15054641245,28144.98384404116,-66346.51498916441
66903.78591275774,21846.170888288896,8062.757261644521,21148.26065138961,14245.108088751502
11178.501092950028,32912.5267878135,8456.705538360122,16884.020275228475,-38857.860729429405
69718.36348150395,37405.7662208147,15331.034493593432,2914.4537019658846,15870.34852230891
26023.23701827763,37955.374227083914,18450.102210762765,15316.693371016232,-50016.40081540996
96496.32857225096,50970.468687089415,19067.64329554842,13416.946940076505,12885.252204841201
23379.645497780166,75730.68783085307,11965.329134728096,6514.126735303432,-70740.4138428822
47316.17113543214,23051.953387437872,7785.3020267095535,20379.468898018393,-1537.4014475166514
17681.470127077948,14112.603222568854,15963.432631316806,29192.225406312,-48421.08294952384
99718.68266613527,19810.2867394953,5769.026281983705,17741.286709806704,59360.9193040862
55197.550929811834,71519.36751569521,11717.406547836837,22013.091740430482,-63574.273032164565
63584.65155880394,53435.810949140454,7812.99076897259,3916.61267184847,-4730.185592976625
16036.882964958473,26443.00919293701,13475.990400449646,13694.675882875852,-40018.16172356176
77496.442335926,66196.0204226463,5567.579344976632,5258.037584605885,3641.439114053376
28891.50337860272,69602.7497272577,4640.26596896169,19158.283395022292,-64396.64144925462
90824.88604966424,68488.57540177085,18446.542646833306,28277.50042999633,-31415.547698217677
28462.567643380644,73919.49002296658,2934.269976041201,20529.77650920588,-73845.93449391809
27161.894859729993,23918.076513002117,10613.200246963701,4150.485352803803,-10526.467205302595
13289.47010632854,61628.14465597087,5196.2028762971695,11930.65373958232,-65860.8678748446
52486.025059899934,39540.4622955605,1739.6693031876816,17418.57462434384,-9108.301711370823
60835.70199363548,68149.8914667546,1684.3575475371015,13289.817171731062,-24692.53313994719
15913.777548551712,59636.80078712099,4329.213670010719,25342.032293304826,-69913.42921608839
79797.48550255095,63233.55848747935,17468.636735614004,24810.788131879697,-28303.96071676818
50795.99512732249,54212.13782608036,6367.096135563506,19131.2685628902,-29354.963617356945
57195.124239482204,18307.157710228013,19058.72424093062,12456.822463715747,18222.10276501054
49668.64722444053,45877.018917270376,12050.823566794677,9149.418465370836,-24527.026909414977
46068.67547877934,78850.23046433812,9295.669605606556,4964.48090996762,-56300.919159006255
60367.62981773961,75304.10498728392,12021.687858719637,11937.135137623512,-34977.34984189443
23971.622133764125,8238.030184775875,10817.269319299088,13568.830481816147,-12045.7231585975
26373.5317445744,17361.111179707783,15416.748821389177,20923.04190291406,-28918.557798149723
87560.70589121655,14879.658009092143,6367.425253484193,20428.475080332057,41979.36565765258
95150.39159202695,59448.49324889716,7707.957440405745,3963.0279099551944,22731.912288931286
43597.83846517777,66333.89973927088,17987.791748131764,13067.260832072418,-45798.42329381559
34367.02058291984,21013.352473300394,18982.673749857702,7089.808282086134,-8708.171629233795
67959.95889151143,42938.95197138718,17958.606322243017,6390.75574887056,4982.76240844556
46786.075398828674,68052.72710084,8969.511885188958,25164.460192642884,-62481.7590588064
12284.772009431037,59960.115857468794,15826.944557130751,3173.626068055211,-72431.68315598807
24053.733762957134,45667.79041188862,10050.378932720878,13737.120525259397,-59596.9494043389
74437.50059626577,49276.07678440797,10453.257190775941,6709.7023614625095,3951.560154205586
69303.15477191363,43127.041018721,4888.922072088395,26621.246038997273,-550.538425964749
12438.639325313514,27316.133848911544,12231.475761911812,17597.134371700984,-42121.37207846898
29977.49457396545,47376.649464426206,4536.582057313611,8478.657818551745,-31521.961081086734
30796.731692926427,56666.3976537568,7299.729282276681,16067.96404065854,-49348.86070235586
70470.34692388555,70499.21868956057,17245.57383077877,22481.618071687244,-43200.491381018066
11773.948397892775,52721.85154844361,4934.440375006249,28827.304249744146,-73685.8533632923
19369.772378611648,62084.11527823685,2352.0074182952235,8172.48811887173,-49409.44703938908
81992.44768358704,17005.372621592975,2311.14425964351,26813.089619621664,27783.40724567653
26069.019584890026,39616.81058148424,18874.90588955905,28160.51519668973,-59084.97364365625
68747.14970666872,5699.871487031997,10631.488321274857,27659.775246897854,29418.18900623735
31436.450294205388,23500.914839121728,8778.829364523348,19791.601992133474,-22710.397346390007
18949.725348341064,59484.62863347536,16406.69303915045,19634.978324171814,-73073.07158785364
31885.497189950867,79385.74635120227,16880.692630299804,13289.897729147038,-63597.567298335474
75004.02386700932,12438.357469041193,7311.629629196487,23067.140704506062,31665.18209933112
87012.68212956571,35112.07368959662,14178.743092002109,16876.232513826093,22812.16808416751
84719.78781102924,65005.32265243696,15651.333501185845,20968.265994392244,-20595.419755292773
45746.51766566093,20302.672597167413,13438.363050453136,13996.821307766273,-1085.083476715637
70127.66229135815,46631.37119767147,3880.306421201888,22481.900993207895,-564.5581958115804
28448.586587423888,59980.34720222561,17641.778586824083,25085.202492927372,-73284.52999320248
36383.29572349119,51198.90876951343,11242.796501984165,6100.215184878852,-37257.10133142954
90670.22366690078,19101.85509615621,6366.97610103007,25322.032036078384,40911.16929026337
11170.173115966243,31653.842651430456,9079.335523316186,17128.3028901286,-39380.32825532082
17695.76777690213,63784.38383640479,1713.8507175792402,25650.645454526282,-71209.93340903556
28709.76296314246,46566.98855990125,3429.4692232259335,14076.447777548408,-30553.206652173925
12387.898348643774,5392.221015718455,15545.388259801357,12613.133590724981,-22347.90436766416
26329.18915808176,62074.30700210704,1000.2210603519567,27621.700510482227,-60617.53821774091
62473.7404872723,7648.35162051793,8914.750741163552,9032.739491355236,38274.23782531821
47928.209553324814,60930.03370484241,10927.69344062618,25637.945108012005,-54322.01634859194
90340.45399692774,20186.042012392805,2038.0539800184736,15552.576030263315,54156.386998247515
83569.92055645968,76855.51100895352,19488.485096474324,16394.67239143527,-34127.23125760498
40763.561652808836,32595.556347656337,5296.381293743767,10637.111881705552,-10929.88924472078
33348.10900881632,29519.87122535593,6779.775673089336,18045.18161733244,-20050.07797049952
44172.316735054024,16166.60377493335,6774.90773284552,11105.913495733917,11611.113098441858
63126.5448263327,27920.316161766117,5377.916580229648,3099.543598766265,20782.606160185023
34125.727674058864,70748.80713711504,1028.002619639917,9615.960949641969,-41997.11417642369
66173.40170642207,79725.07532204354,14857.55108767193,2178.613215384539,-27727.80652717558
46847.04869721164,32623.214788013625,19370.06449618642,29393.934037591986,-38063.806802634805
59684.24627667822,38645.79732159069,5261.576182415856,29040.92187495293,-20951.973084527133
49251.3876221785,59155.320365205276,13597.896644265025,13064.348329224542,-37290.7006119235
36501.918358772586,71464.68353488059,15096.030212215586,22394.38392151009,-74682.89787913948
95360.7976265941,49478.32506400881,17120.08220271997,11682.570755491899,17645.521889638534
78724.52147437847,34364.4273633372,9029.954743258573,20790.60839840733,12723.947663597537
22610.18581898073,35946.63806364678,6755.6872071681555,24552.041205287416,-54681.46496084667
88162.11783081215,57171.360987260516,7180.607546437591,28509.17485138274,-6640.760245774492
53868.807842456226,5241.369770320901,14539.805328871744,13205.943723790817,19353.593464131198
90509.70042046823,51469.20030948805,16518.809863607086,23932.343522769334,1757.6518484740554
81986.97303525837,31661.975783101803,4450.66538737545,9445.996617699326,32937.33687402654
48269.21540223101,64564.799845781316,8047.8791549975385,29729.304506222154,-45679.39473790716
12022.237748810567,11974.297986734913,18136.86373823385,2721.548765401832,-30368.675494818814
34180.962344645144,49115.170021129285,16327.176874200046,18898.806582031386,-43604.353643702445
58747.07931947802,41072.966741459284,19712.30965248704,20466.16748623716,-23625.95941509599
67013.03978435326,53174.414442892055,15330.716933959535,21265.27559807561,-18459.44282885616
33209.89168898821,9864.019586222625,8470.708819530522,5370.852206094492,9903.318497434235
22542.04666655417,48498.78405710985,12222.118845898118,28278.83393724765,-60759.9124935741
85143.72131193693,47111.344096964276,13559.270830699086,7073.131813402319,15463.164748107187
98596.1962633197,47049.50708121282,2490.660510025355,19437.09529071555,24125.831255476907
57312.11640724172,50261.57499473411,11345.442222973437,8234.930215446378,-5427.309589556887
25451.135726347315,55735.095291977166,14477.095740979583,10602.059676595585,-55930.51821261573
34507.65938674321,65374.17497605773,4179.104776020147,17300.83916838748,-51238.667165601095
11655.160889272007,25236.554009616077,15832.002631085586,13681.415719808141,-36921.05190101382
92286.89259044491,66878.70576350465,12091.68282976812,6486.316827342176,1670.4109593577914
20597.5974601127,42369.17616975902,19092.2139282543,6786.219267783752,-44672.55741748808
61886.48279628282,10779.370935074838,1806.0236659309421,13708.054068558391,32643.56034440419
34664.96986184854,9391.31969329844,6041.196613553872,23203.92339171402,-4632.3166149396475
59876.02022642141,30067.87390220456,12429.523706696657,27143.01011173808,-9402.99266729644
68627.83495166778,63867.27328336007,6634.6383319126835,4355.574543262719,-13730.760514102367
84676.76233364815,58076.07010556868,14574.059117353601,13006.90941166323,-4874.461515039537
28577.91445845429,64146.12235043048,15421.10036791669,4806.875784240546,-49040.819582067736
10989.624579263244,43795.1792331207,2947.803317263015,2464.5894577127406,-33786.99148590924
22319.706706192657,38014.924846661794,10763.234819928586,20528.123114030786,-47299.77396106468
91001.67776632946,16058.939502971296,10668.920556230061,18868.584375064456,46620.85062462812
88650.10698062637,29614.456520698368,8016.33463409528,6564.535186816814,42983.56811083362
63767.17919532775,37551.452463040645,18725.57238882377,8546.759326605796,5726.31194599745
64046.5174390288,11645.032225971292,16722.6200775912,2663.8171020465147,32013.28514444897
69853.30070916298,21545.896453340843,14246.978256283099,25378.521759443305,9841.11470076998
25783.41507611046,49866.89705478041,14572.206078964953,29291.33668935944,-62216.874026284015
92297.07513324638,60174.733567939234,9772.606732449263,5792.867030251342,12670.010378377014
47689.34724028658,79876.06335447122,18498.89590083494,8481.305985428347,-51372.97207796346
44482.46754245477,74983.49985076682,14197.313117812422,26315.466670514154,-78666.11914535552
56702.59347545538,53192.389965139366,14850.640171460513,27940.986342773176,-31133.212348353685
14226.937009754954,36593.6039970554,17372.12717195956,13749.56671859069,-55351.73879761056
24965.503188047147,52713.302353117455,6207.360197501629,3417.4292235340754,-38586.082325232426
76423.02547837334,63923.8713560174,16334.347173467357,3102.971343398943,-16388.215250425077
17451.88011326138,13875.21431925405,4709.571456173349,18070.596249932292,-21477.475498986776
64283.68985197494,35742.86672722162,7561.497092652869,13001.063049009013,2779.230327957014
32081.419871318885,67985.1714226713,7376.598631127012,2802.2679721743266,-49120.84988152111
45036.60526377789,33787.4713949783,19591.983899393672,18331.06698475159,-27360.47184429007
35982.43630936299,47890.42034203899,17274.20725121061,2316.471024492629,-26709.704236014713
42010.54448184543,49082.70206466487,14322.227370214934,24046.414828179644,-44402.78302421089
74714.1314665821,18835.71898502295,14814.078470692413,10580.119035694404,32022.598242177897
36740.95440608575,32167.65812392163,11679.38309364885,3127.224084258499,-15710.907839971038
60976.417626720744,30088.34665564491,18994.72267506186,18473.86218752829,-10984.284339527969
52844.53619791897,6964.753139904859,10428.916304764869,13135.163604125531,31309.328240880266
69730.40488263834,6814.3822918516435,8229.836487527995,29266.411574000187,21743.769355442277
94314.67653922823,67377.27827568301,4097.671401700229,17237.562550103663,13883.205572027797
75931.48874892252,25480.31074796093,15937.907392960102,9706.697069036232,23591.267544560927
29344.63407316811,43855.90746791116,14954.434709436238,21864.288209751292,-51318.556633213055
12806.48215551562,27404.41801915798,8302.745731958563,9601.776071195916,-27150.631865647192
33603.76398698425,75550.94338365053,1478.6748652253577,27318.812159411824,-64385.204311610185
63557.01376302294,24447.25691493303,16940.949226642202,12492.21517420654,9122.529645845727
14628.323213582531,37224.26095542013,1216.941685627399,17396.31975773375,-43150.41445280645
54672.96224811127,70454.76878634514,14370.295812951968,3416.0469070784084,-33847.75150087532
63715.85640252003,68145.01750938565,19434.885084795085,13931.394662662462,-36105.65321316258
40081.95017352648,18957.6063384708,9315.565234815866,25306.17911050786,-9040.882075919268
79382.09833712397,65198.24823467828,5464.4946949231025,24558.166550173573,-15817.661847680225
19593.842782039465,39364.01650534195,14392.549190824253,8280.919647898736,-39349.2110719097
16762.400356222788,41222.66540640164,16525.434698296118,8330.213988295756,-41124.115075416026
75536.9880583243,15010.997931195783,11382.1760054791,24884.54874197063,26165.813441002712
54594.218458557865,11045.11353178435,19373.670229866777,28051.155764741114,-2317.4567878104845
71956.21567849624,59595.44802303239,1981.7057115012608,4670.1057956441,-1885.597977131847
49134.46047433716,42234.58642664748,10591.116367786035,14601.641903934307,-31446.534908175978
32176.182991519614,37763.80269613847,14650.624999128451,11448.719810998411,-29745.08586859487
83719.20859067797,59713.117148929756,17390.1689518344,26379.276752808302,-20237.47541929885
81947.42910720814,62413.467424333234,4405.856626248011,4338.697611040525,8215.494071012661
72522.68237689842,16918.112575201518,16200.066153509946,7911.526391625047,32710.628277493623
34493.062350696644,50766.8862108231,11501.43443865236,23069.113452421843,-51146.3903971852
63120.760018217836,15151.556170826414,8534.519957809302,3436.2277714740367,41637.357371277576
42487.65072460241,61353.13145217842,3502.5855430027777,15790.9906600001,-37728.502589284
18242.386599397076,54271.636720035465,17440.619419269337,14378.99697103216,-71583.48293629072
92558.22179160186,76746.09658125935,3988.190955414592,11363.233011684963,5411.532438039398
22313.676782706527,10171.85122673159,6885.969324972885,13048.024828929865,-8877.823972658825
95521.36184387222,9279.104086344074,6510.8651072863,16838.33643404652,65525.73963455686
50140.51956621602,26164.030601990013,17556.86664962623,6518.286034874727,-2485.717251238954
